adapter,strategy,seed,metric,mean
random_seed13,random,13,ifeval_prompt_strict,0.13020833333333334
random_seed42,random,42,ifeval_prompt_strict,0.10416666666666667
diversity_seed13,diversity,13,ifeval_prompt_strict,0.11979166666666667
diversity_seed42,diversity,42,ifeval_prompt_strict,0.109375
random_seed2026,random,2026,ifeval_prompt_strict,0.09895833333333333
diversity_seed2026,diversity,2026,ifeval_prompt_strict,0.08333333333333333
random_seed13,random,13,ifeval_instruction_strict,0.3671875
random_seed42,random,42,ifeval_instruction_strict,0.3776041666666667
diversity_seed13,diversity,13,ifeval_instruction_strict,0.359375
diversity_seed42,diversity,42,ifeval_instruction_strict,0.3585069444444444
random_seed2026,random,2026,ifeval_instruction_strict,0.3532986111111111
diversity_seed2026,diversity,2026,ifeval_instruction_strict,0.3463541666666667
random_seed13,random,13,gsm8k_accuracy,0.2109375
random_seed42,random,42,gsm8k_accuracy,0.19140625
diversity_seed13,diversity,13,gsm8k_accuracy,0.25390625
diversity_seed42,diversity,42,gsm8k_accuracy,0.203125
random_seed2026,random,2026,gsm8k_accuracy,0.359375
diversity_seed2026,diversity,2026,gsm8k_accuracy,0.43359375
random_seed13,random,13,bbh_accuracy,0.25462962962962965
random_seed42,random,42,bbh_accuracy,0.22685185185185186
diversity_seed13,diversity,13,bbh_accuracy,0.3333333333333333
diversity_seed42,diversity,42,bbh_accuracy,0.33796296296296297
random_seed2026,random,2026,bbh_accuracy,0.3425925925925926
diversity_seed2026,diversity,2026,bbh_accuracy,0.38425925925925924
