metric,seed,n_paired_examples,point_estimate,ci_95_lower,ci_95_upper
ifeval_prompt_strict,13,192,-0.010416666666666666,-0.046875,0.026041666666666668
ifeval_prompt_strict,42,192,0.005208333333333333,-0.041666666666666664,0.052083333333333336
ifeval_prompt_strict,2026,192,-0.015625,-0.057291666666666664,0.026041666666666668
ifeval_prompt_strict,"13,42,2026",192,-0.006944444444444444,-0.03298611111111111,0.01909722222222222
ifeval_instruction_strict,13,192,-0.007812500000000002,-0.052083333333333336,0.03559027777777778
ifeval_instruction_strict,42,192,-0.01909722222222222,-0.05989583333333332,0.021701388888888895
ifeval_instruction_strict,2026,192,-0.006944444444444444,-0.045138888888888895,0.03125
ifeval_instruction_strict,"13,42,2026",192,-0.011284722222222222,-0.03530092592592592,0.013599537037037037
gsm8k_accuracy,13,256,0.04296875,-0.0078125,0.08984375
gsm8k_accuracy,42,256,0.01171875,-0.04296875,0.06640625
gsm8k_accuracy,2026,256,0.07421875,0.00390625,0.14453125
gsm8k_accuracy,"13,42,2026",256,0.04296875,0.010384114583333357,0.07682291666666666
bbh_accuracy,13,216,0.0787037037037037,0.009259259259259259,0.14814814814814814
bbh_accuracy,42,216,0.1111111111111111,0.046296296296296294,0.17592592592592593
bbh_accuracy,2026,216,0.041666666666666664,-0.032523148148148044,0.11574074074074074
bbh_accuracy,"13,42,2026",216,0.07716049382716049,0.033950617283950615,0.12191358024691358
